id,text,label,source_url,notes
1,Actual nbacj award lol.,reaction,https://www.reddit.com/r/nba/comments/1uc3z3d/cameron_boozer_is_the_most_recent_winner_of_the/,
2,"Yo we should consider changing the name of that award, ngl.",reaction,https://www.reddit.com/r/nba/comments/1uc3z3d/cameron_boozer_is_the_most_recent_winner_of_the/,
3,Yeah I feel like the Tim Duncan Award works better anyways lmao. Karl Malone only did 3 years in college and I genuinely never hear anybody reflect on his college career.,analysis,https://www.reddit.com/r/nba/comments/1uc3z3d/cameron_boozer_is_the_most_recent_winner_of_the/,opinion/analysis?
4,His otherworldly longevity has made many casuals forget what his play style looked like at this point in his career.,opinion,https://www.reddit.com/r/nba/comments/1ubvqff/lebron_james_athleticism_during_his_first/,
5,"He's so good that despite being the all-time leading scorer in NBA history, his 'signature' move has to be the chase down block.",analysis,https://www.reddit.com/r/nba/comments/1ubvqff/lebron_james_athleticism_during_his_first/,
6,People say that Miami Lebron was the most athletic version of him but don't remember his first stint with Cleveland. He was genuinely the strongest guy out there while moving lightening quick. I've never seen anything like that since.,analysis,https://www.reddit.com/r/nba/comments/1ubvqff/lebron_james_athleticism_during_his_first/,
7,"I said young shaq was the closest freak athlete to LeBron I’ve ever seen live, and the amount of comments and downvotes saying shaq was a bigger freak is staggering. Most upvoted comments being because he broke backboards. I’m not a nephew, I’ve watched both in their athletic prime, and LeBron is on a different level.",opinion,https://www.reddit.com/r/nba/comments/1ubvqff/lebron_james_athleticism_during_his_first/,
8,"They tried to sneak him in during the national anthem, lmao.",reaction,https://www.reddit.com/r/nba/comments/1u0q11y/knicks_fans_at_msg_boo_the_president_during/,
9,Shocked it wasn’t muted,reaction,https://www.reddit.com/r/nba/comments/1u0q11y/knicks_fans_at_msg_boo_the_president_during/,
10,"we talking all time finals mvp or all time knicks
finals mvp prob in the middle of the pack
all time knicks prob top 5",opinion,https://www.reddit.com/r/nba/comments/1uc5jhr/where_would_you_rank_brunson_after_his_finals_mvp/,
11,"He’s def top 3, only argument for not #1 is Walt and Willis",opinion,https://www.reddit.com/r/nba/comments/1uc5jhr/where_would_you_rank_brunson_after_his_finals_mvp/,
12,"KD, they had won 73 games and were inches away from going back to back with the same core you joined. Just admit you went there because you didn’t think you could win in OKC and move on.",opinion,https://www.reddit.com/r/nba/comments/1ubonhe/durant_on_warriors_i_didnt_have_no_relationship/,
13,I genuinely think he doesn’t. This eats him up so much he invented his own narrative in his head and believes it’s the truth.,opinion,https://www.reddit.com/r/nba/comments/1ubonhe/durant_on_warriors_i_didnt_have_no_relationship/,
14,Yo that's wild,reaction,https://www.reddit.com/r/nba/comments/1ubonhe/durant_on_warriors_i_didnt_have_no_relationship/,
15,"Gilbert Arenas said he didn't have a problem retiring (he was injured of course so that helped), until the next season started and everyone else was getting ready and he had nothing to do. He said that screwed with his head to the point that he would get in his car and drive into the city and then back for no reason at all each day.

I remember that in another interview, Wilt Chamberlain said he would do the same thing.",analysis,https://www.reddit.com/r/nba/comments/1ubr597/espn_gregg_popovich_once_called_steve_kerr_to/,
16,My favorite thing about that too is Gil wasn’t just driving a nice scenic route. This dude was driving on the 405 freeway during rush hour to pass the time which sounds like he was actively choosing to be tortured rather than stay at home,analysis,https://www.reddit.com/r/nba/comments/1ubr597/espn_gregg_popovich_once_called_steve_kerr_to/,
17,"When you're used to a routine and playing games in front of thousands cheering for you i bet it's hard as fuck when you go from that to just zero competing
With that being said there's way worse things than being a millionaire with a lot of free time",analysis,https://www.reddit.com/r/nba/comments/1ubr597/espn_gregg_popovich_once_called_steve_kerr_to/,
18,"Retirement boredom, even in non-athletes, is one of the common topics discussed in r/financialindependence behind portfolio checks. Books like Die with Zero are often suggested to people so they can live the most meaningful and least regretful life.",analysis,https://www.reddit.com/r/nba/comments/1ubr597/espn_gregg_popovich_once_called_steve_kerr_to/,
19,"For anyone curious, Pop’s last contract extension was July 2023, so it would’ve been around the time they drafted Wemby.",analysis,https://www.reddit.com/r/nba/comments/1ubr597/espn_gregg_popovich_once_called_steve_kerr_to/,
20,"I think you don't get to the level of guys like Pop and Jordan by being reasonable about things. Without some sort of addiction or obsession with the game and winning, stuff like countless hours of film study or thousands of workouts would get incredibly tedious. It's certainly not for normal people.

Makes sense that guys like this just can't ""turn it off"" when it's time to hang it up. Jordan's 2nd retirement is the most striking. He was 35 at the time, which is when nearly every athlete, no matter how great, starts to decline physically. He actually did it and went out on top of the game. Until a few years later, he realized he couldn't stay away.

Crazy stuff.",analysis,https://www.reddit.com/r/nba/comments/1ubr597/espn_gregg_popovich_once_called_steve_kerr_to/,
21,Kerr would have a done a great media personality if he wanted to walk away from competing,opinion,https://www.reddit.com/r/nba/comments/1ubr597/espn_gregg_popovich_once_called_steve_kerr_to/,
22,Best coach ever,opinion,https://www.reddit.com/r/nba/comments/1ubr597/espn_gregg_popovich_once_called_steve_kerr_to/,opinion/reaction?
23,"I think this is why LeBron can't retire. When more than half of your life you've been in the NBA, it's hard to leave. It's all he knows.",analysis,https://www.reddit.com/r/nba/comments/1ubr597/espn_gregg_popovich_once_called_steve_kerr_to/,
24,"Honestly disrespectful using a hypothetical Popovich to shame Mitch Johnson for making the finals during his first season as head coach. 

Pop lost the 2013 finals by benching Tim Duncan on 2 consecutive defensive possessions while league officials were roping off the court to hand him the trophy. Popovich got bounced in the first round as the one seed in 2011 by refusing to play Splitter. 

Pop is the greatest coach in league history imo, but he was far from perfect. Mitch Johnson has a long way to go to be anywhere close to Pop’s achievements, but he has just as far to go to match Pop’s failures too. ",analysis,https://www.reddit.com/r/nba/comments/1ubr597/espn_gregg_popovich_once_called_steve_kerr_to/,
25,"Luka should take the hardest road and ask to get traded to Spurs.

What an underdog story it would be.",opinion,https://www.reddit.com/r/nba/comments/1uc2z0z/dan_woike_the_lakers_remain_on_the_clock_when_it/,
26,"The bad man is gone. Come on home, king.",reaction,https://www.reddit.com/r/nba/comments/1uc2z0z/dan_woike_the_lakers_remain_on_the_clock_when_it/,
27,To the wandering eye...,reaction,https://www.reddit.com/r/nba/comments/1uc2z0z/dan_woike_the_lakers_remain_on_the_clock_when_it/,
28,Whispering eye,reaction,https://www.reddit.com/r/nba/comments/1uc2z0z/dan_woike_the_lakers_remain_on_the_clock_when_it/,
29,He’s a hawk,reaction,https://www.reddit.com/r/nba/comments/1uc2z0z/dan_woike_the_lakers_remain_on_the_clock_when_it/,
30,these kind of reporting gotta be out of circulation by now. he's not leaving $417 million early extension to go somewhere else especially given his health condition,analysis,https://www.reddit.com/r/nba/comments/1uc2z0z/dan_woike_the_lakers_remain_on_the_clock_when_it/,
31,"This is just classic putting pressure on front office threatening to leave even though it won't actually happen to push them to do shit

Can Jokic do this instead of saying he doesn't care if he never wins in Denver again",analysis,https://www.reddit.com/r/nba/comments/1uc2z0z/dan_woike_the_lakers_remain_on_the_clock_when_it/,
32,There'd be nothing sweeter in this world than to watch Luka betray the Lakers in the most Laker way ever (FA).,opinion,https://www.reddit.com/r/nba/comments/1uc2z0z/dan_woike_the_lakers_remain_on_the_clock_when_it/,
33,Read that name and my fight or flight kicked in,reaction,https://www.reddit.com/r/nba/comments/1ubveg5/charania_atlanta_hawks_guard_cj_mccollum_has/,
34,CJ will be a 1st ballot bag getter once his career is over,opinion,https://www.reddit.com/r/nba/comments/1ubveg5/charania_atlanta_hawks_guard_cj_mccollum_has/,
35,I think this is the maximum salary so that Atlanta can use the full MLE and still stay under the tax.,opinion,https://www.reddit.com/r/nba/comments/1ubveg5/charania_atlanta_hawks_guard_cj_mccollum_has/,
36,"Man after we went up 2-1 after his game winner, I thought the world was ours.",reaction,https://www.reddit.com/r/nba/comments/1ubveg5/charania_atlanta_hawks_guard_cj_mccollum_has/,
37,"He gave the 16-3 Knicks 2 of their loses, both being game winners

Give that man his money",analysis,https://www.reddit.com/r/nba/comments/1ubveg5/charania_atlanta_hawks_guard_cj_mccollum_has/,
38,NOOOOOOOOOOOOOOOOOOOOOOOOOOOOOOOOOOOOO,reaction,https://www.reddit.com/r/nba/comments/1ubveg5/charania_atlanta_hawks_guard_cj_mccollum_has/,
39,This is what 2 wins against the Knicks gets you.,reaction,https://www.reddit.com/r/nba/comments/1ubveg5/charania_atlanta_hawks_guard_cj_mccollum_has/,
40,he usually closes his eyes and takes longer before each free throw and i noticed he didnt do that. When i saw that i just had a feeling that he'd miss,analysis,https://www.reddit.com/r/nba/comments/1u2oaac/lowlight_victor_wembanyama_misses_the_two_biggest/,
41,"Misses the two biggest free throws of his career so far. He’s only 22, plenty of choke left in this young legend",analysis,https://www.reddit.com/r/nba/comments/1u2oaac/lowlight_victor_wembanyama_misses_the_two_biggest/,
42,Moment got to your head.,opinion,https://www.reddit.com/r/nba/comments/1u2oaac/lowlight_victor_wembanyama_misses_the_two_biggest/,
43,"""I'm in your head""",reaction,https://www.reddit.com/r/nba/comments/1u2oaac/lowlight_victor_wembanyama_misses_the_two_biggest/,
44,Spurs fans going to blame Fox for this too,opinion,https://www.reddit.com/r/nba/comments/1u2oaac/lowlight_victor_wembanyama_misses_the_two_biggest/,
45,Thank you Knicks for a successful hate watch.,reaction,https://www.reddit.com/r/nba/comments/1u2oaac/lowlight_victor_wembanyama_misses_the_two_biggest/,
46,The lights were in his head.,opinion,https://www.reddit.com/r/nba/comments/1u2oaac/lowlight_victor_wembanyama_misses_the_two_biggest/,
47,Portland once fired their GM 90 minutes before the draft started and then STILL HAD HIM DO THE DRAFT FOR THEM. Having no coach is small potatoes in comparison.,analysis,https://www.reddit.com/r/nba/comments/1ubz4p8/are_the_portland_trailblazers_going_into_the/,
48,"that is crazy, I woulda drafted my gramma.",reaction,https://www.reddit.com/r/nba/comments/1ubz4p8/are_the_portland_trailblazers_going_into_the/,
49,Tell my wife Hello,reaction,https://www.reddit.com/r/nba/comments/1ubz4p8/are_the_portland_trailblazers_going_into_the/,
50,you know who hires coaches? cowards.,opinion,https://www.reddit.com/r/nba/comments/1ubz4p8/are_the_portland_trailblazers_going_into_the/,
51,We don’t even have a first round pick and coaches don’t do the drafting. Also Dallas has no coach currently too.,analysis,https://www.reddit.com/r/nba/comments/1ubz4p8/are_the_portland_trailblazers_going_into_the/,
52,So some of you legit not pay attention to anything but you're own team? Portland doent have a pick to use I believe why does them not having a coach matter?,analysis,https://www.reddit.com/r/nba/comments/1ubz4p8/are_the_portland_trailblazers_going_into_the/,
53,FADED.,reaction,https://www.reddit.com/r/nba/comments/1u5a960/the_san_antonio_spurs_have_been_eliminated_from/,
54,"First order of business

Learn how long a basketball game is",reaction,https://www.reddit.com/r/nba/comments/1u5a960/the_san_antonio_spurs_have_been_eliminated_from/,
55,"deserved loss. can't finish a game, will choke any lead no matter how big it is. congrats Knicks, they wanted it more and were clearly the better team all series",opinion,https://www.reddit.com/r/nba/comments/1u5a960/the_san_antonio_spurs_have_been_eliminated_from/,
56,New York about to burn lol,reaction,https://www.reddit.com/r/nba/comments/1u5a960/the_san_antonio_spurs_have_been_eliminated_from/,opinion/reaction?
57,Deserved. They were always better in the clutch.,opinion,https://www.reddit.com/r/nba/comments/1u5a960/the_san_antonio_spurs_have_been_eliminated_from/,
58,"This series was soooo winnable for the spurs. They gave away two games, Fox has to go, maybe a new coach too.",analysis,https://www.reddit.com/r/nba/comments/1u5a960/the_san_antonio_spurs_have_been_eliminated_from/,
59,Wemby isn't gonna win shit until he starts playing to his strengths. Tallest player in the league shouldn't be chucking bad 3s.,opinion,https://www.reddit.com/r/nba/comments/1u5a960/the_san_antonio_spurs_have_been_eliminated_from/,
60,"THANK YOU KNICKS

I’ll never speak ill of Brunson ever again!",reaction,https://www.reddit.com/r/nba/comments/1u5a960/the_san_antonio_spurs_have_been_eliminated_from/,
61,Congratulations Knicks.,reaction,https://www.reddit.com/r/nba/comments/1u5a960/the_san_antonio_spurs_have_been_eliminated_from/,
62,Same. Everything from the Naz Reid elbow onward has changed how I see him. He’s soft and arrogant. I better not hear one word about ethical basketball from him until he grows up a bit.,opinion,https://www.reddit.com/r/nba/comments/1u5a960/the_san_antonio_spurs_have_been_eliminated_from/,
63,"Still haven't really seen people put up numbers like him that year. The real reason he won MVP was that he ended the season on fire while Harden's numbers cooled off.

After the All-Star Break, he averaged 34/11.1/11.7 on 43.4/35.5/88.8 shooting. He had 3 50-point games and 6 40-point games in that stretch, including 57/13/11 a week before this in an OT win. Dude clearly deserved MVP.",analysis,https://www.reddit.com/r/nba/comments/1ubnaxn/when_russell_westbrook_hit_a_40_foot_game_winner/,
64,I love you Russell Westbrook,reaction,https://www.reddit.com/r/nba/comments/1ubnaxn/when_russell_westbrook_hit_a_40_foot_game_winner/,
65,"Russ carried that fan base through the dark times. The franchise wasn't particularly successful. Never made a deep playoff run. The fans were still engaged though because the product on the court, Russ himself, was worth watching alone.

Then we go into a near seamless transition back into a winning franchise.",opinion,https://www.reddit.com/r/nba/comments/1ubnaxn/when_russell_westbrook_hit_a_40_foot_game_winner/,
66,What a perfect ending!,reaction,https://www.reddit.com/r/nba/comments/1ubnaxn/when_russell_westbrook_hit_a_40_foot_game_winner/,
67,"russ the goat

one thing i wish he did more (he only became more disciplined on this his last two years in denver and sac) during his prime okc days was hold his follow through more. his 3% has been .32 and .34 last 2 years which is serviceable. he shot very high volume last season - 6 3PA which is the second highest he’s done since his MVP season @ 7 3PA.

i bring this up bc he has highlights like this clip where he got away w not having a proper follow thru, but these moments may have ultimately been negative for his career since they may have made him think he didn’t need to have consistent shooting form",analysis,https://www.reddit.com/r/nba/comments/1ubnaxn/when_russell_westbrook_hit_a_40_foot_game_winner/,
68,People can hate on Westbrook all they want he has some very valid criticisms but this dude in his prime was absolutely electrifying to watch.,opinion,https://www.reddit.com/r/nba/comments/1ubnaxn/when_russell_westbrook_hit_a_40_foot_game_winner/,
69,That’s my mans.,reaction,https://www.reddit.com/r/nba/comments/1ubnaxn/when_russell_westbrook_hit_a_40_foot_game_winner/,
70,Great broadcast call as well,I never thought id like a player on this team as much as Wemby but Dylan is seriously a close 2nd. His personality is so fun and he seems like an amazing teammate. And he's an absolute baller lol,https://www.reddit.com/r/nba/comments/1ubnaxn/when_russell_westbrook_hit_a_40_foot_game_winner/,
71,WHAT A PERFECT ENDING!,reaction,https://www.reddit.com/r/nba/comments/1ubnaxn/when_russell_westbrook_hit_a_40_foot_game_winner/,
72,"Knowing that Castle is quick to anger, who knows how the game might have snowballed negatively if he got into Caruso’s face. Castle getting called for a technical on a dirty play by Caruso getting the whole Spurs team mad and not focused on the game, or even getting ejected and losing Castle from the game.

Dylan knowing Castle too well steps in with no hesitation, actually fully diving for it, saving him for additional referee calls. Such high IQ from a rookie.

Saw this live and thought it was one of the more underrated play of the game.",analysis,https://www.reddit.com/r/nba/comments/1tsnydc/dylan_harper_quickly_dives_in_to_save_an_angry/,
73,Poise from a rookie,opinion,https://www.reddit.com/r/nba/comments/1tsnydc/dylan_harper_quickly_dives_in_to_save_an_angry/,
74,I never thought id like a player on this team as much as Wemby but Dylan is seriously a close 2nd. His personality is so fun and he seems like an amazing teammate. And he's an absolute baller lol,opinion,https://www.reddit.com/r/nba/comments/1tsnydc/dylan_harper_quickly_dives_in_to_save_an_angry/,
75,"“Swipe at the ball” (c) Mike Tirico 😭

Absolutely a flagrant, maybe even a 2 because he’s airborne 

There was no play on the ball. He’s already grabbing his waist with the left, wind up and follow through with the right, on an airborne player. Excessive drag to the ground.

WTF are we doing?",analysis,https://www.reddit.com/r/nba/comments/1tsnydc/dylan_harper_quickly_dives_in_to_save_an_angry/,
76,"Caruso even made a gesture like “what’s this guy trying to do to me”

He’s a lame duck. He needs refs otherwise his ass would be gravel. Soft",opinion,https://www.reddit.com/r/nba/comments/1tsnydc/dylan_harper_quickly_dives_in_to_save_an_angry/,
77,"Caruso even made a gesture like “what’s this guy trying to do to me”

He’s a lame duck. He needs refs otherwise his ass would be gravel. Soft",analysis,https://www.reddit.com/r/nba/comments/1tsnydc/dylan_harper_quickly_dives_in_to_save_an_angry/,
78,Wow that was so dangerous. Caruso pulled him sideways to the floor while he'sin the air... could have been very bad.,analysis,https://www.reddit.com/r/nba/comments/1tsnydc/dylan_harper_quickly_dives_in_to_save_an_angry/,
79,"Harper is so poised for a rookie, there’s no light too bright. He’s clearly the future #2 of the team imo",opinion,https://www.reddit.com/r/nba/comments/1tsnydc/dylan_harper_quickly_dives_in_to_save_an_angry/,
80,Lmao. What a legend. ,reaction,https://www.reddit.com/r/nba/comments/1u2ar4a/chuck_on_cardi_d_comment_im_hoping_they_fire_me_i/,
81,lmaooo this man is hilarious,reaction,https://www.reddit.com/r/nba/comments/1u2ar4a/chuck_on_cardi_d_comment_im_hoping_they_fire_me_i/,
82,"Charles Barkley has been saying ""They can't fire me. I'm not going to finish this contract anyway!"" since he started working TV in '02.

I could totally imagine, Barkley broadcasting in his 80s like Lou Holtz or Lee Corso and still doing the ""They can't fire me! I'm gonna retire next year anyway...wait, how much am I going to get on my next contract!?"" schtick.",analysis,https://www.reddit.com/r/nba/comments/1u2ar4a/chuck_on_cardi_d_comment_im_hoping_they_fire_me_i/,
83,I don't think that's how getting fired for cause works Chuck lmaooo,opinion,https://www.reddit.com/r/nba/comments/1u2ar4a/chuck_on_cardi_d_comment_im_hoping_they_fire_me_i/,
84,Mans always been about his paper. Can’t hate that,opinion,https://www.reddit.com/r/nba/comments/1u2ar4a/chuck_on_cardi_d_comment_im_hoping_they_fire_me_i/,
85,Finally trade season,reaction,https://www.reddit.com/r/nba/comments/1uc891j/charania_the_oklahoma_city_thunder_are_finalizing/,
86,"This is such a good deal for the Hawks 

High upside role player no risk deal. If it doesnt turn out good it doesn’t matter because he’s on a cheap deal",analysis,https://www.reddit.com/r/nba/comments/1uc891j/charania_the_oklahoma_city_thunder_are_finalizing/,
87,Yay someone finally did something,reaction,https://www.reddit.com/r/nba/comments/1uc891j/charania_the_oklahoma_city_thunder_are_finalizing/,
88,"Atlanta gets the Savior of Basketball.

You got a good one Atlanta. Hopefully he comes back fully healthy to the 2024-25 version of himself. He was so important in our championship run and winning 68 games.",analysis,https://www.reddit.com/r/nba/comments/1uc891j/charania_the_oklahoma_city_thunder_are_finalizing/,
89,"Seems like a salary dump for the Thunder.

Y'all will like him, Hawks, he's a great sparkplug off the bench.",analysis,https://www.reddit.com/r/nba/comments/1uc891j/charania_the_oklahoma_city_thunder_are_finalizing/,
90,"I know he’s not a first round pick value, but it always seems like a scam when your only getting second round picks back, they probably did this for the apron to tho",opinion,https://www.reddit.com/r/nba/comments/1uc891j/charania_the_oklahoma_city_thunder_are_finalizing/,
91,Good bye old friend. You will be missed. GOAT speech. Atlanta got a good one,reaction,https://www.reddit.com/r/nba/comments/1uc891j/charania_the_oklahoma_city_thunder_are_finalizing/,reaction/opinion?
92,The shedding begins,reaction,https://www.reddit.com/r/nba/comments/1uc891j/charania_the_oklahoma_city_thunder_are_finalizing/,
93,"Atlanta could be really good next year.

They got a real solid starting line up & bench.",opinion,https://www.reddit.com/r/nba/comments/1uc891j/charania_the_oklahoma_city_thunder_are_finalizing/,
94,THE FIRST DOMINO HAS FALLEN,reaction,https://www.reddit.com/r/nba/comments/1uc891j/charania_the_oklahoma_city_thunder_are_finalizing/,
95,Thank you for saving basketball. We will never forget you.,reaction,https://www.reddit.com/r/nba/comments/1uc891j/charania_the_oklahoma_city_thunder_are_finalizing/,
96,"Furthest Draft pick is Jack Sikma, the 1977 Supersonics 1st round pick, however, he wasn't traded until July 1, 1986. The Cavaliers have them beat by a few weeks with a June 17, 1986 trade of a future 2nd for a guy by the name of Mark Price. Pretty good value.",analysis,https://www.reddit.com/r/nba/comments/1uc5ize/how_each_nba_team_assembled_their_current_rosters/,
97,"Bob pettit, I knew he was special that first season with the Milwaukee hawks",opinion,https://www.reddit.com/r/nba/comments/1uc0bex/who_was_your_rookie/,
98,Holy unc,reaction,https://www.reddit.com/r/nba/comments/1uc0bex/who_was_your_rookie/,
99,"Blake was the reason I started following basketball seriously

Which kinda sucked since he got hurt in his first year (not to mention seeing the clippers trade what would become a first overall pick for Mo Williams)",analysis,https://www.reddit.com/r/nba/comments/1uc0bex/who_was_your_rookie/,
100,I really believed Terrance Mann could become a superstar. He did have some great moments with the clippers ( namely game 6 vs Utah in 2021) and become a solid role player but his progression sort of just stopped after 2023ish,opinion,https://www.reddit.com/r/nba/comments/1uc0bex/who_was_your_rookie/,
101,started watching during the bubble in 2020 so my rookie was Ant Edwards. seeing him drop 48 in his first playoff series felt like watching something special click into place,analysis,https://www.reddit.com/r/nba/comments/1uc0bex/who_was_your_rookie/,
102,Kevin Garnett. I remember it was the first time I heard about a high schooler being good enough for the nba. He did not disappoint,opinion,https://www.reddit.com/r/nba/comments/1uc0bex/who_was_your_rookie/,
103,"Michael Jordan. I was raised as a wee UNC fan and when he got drafted I started paying attention to the NBA, too. Pretty clear how that one went.

(then much later I lived in Florida for awhile)",opinion,https://www.reddit.com/r/nba/comments/1uc0bex/who_was_your_rookie/,
104,"LUUKKKA

😭😭😭😭😭",reaction,https://www.reddit.com/r/nba/comments/1uc0bex/who_was_your_rookie/,
105,When Paolo carried the Magic after Franz went down and went point for point with Cade….id take Paolo,analysis,https://www.reddit.com/r/nba/comments/1ubsq8h/alperen_sengun_vs_paolo_banchero_whos_the_better/,
106,"Averaged 26 points on 20 shots and 10 free throws lmao

The reason they went to 7 is defense, both teams were awful offensively",analysis,https://www.reddit.com/r/nba/comments/1ubsq8h/alperen_sengun_vs_paolo_banchero_whos_the_better/,
107,Paolo vs pistons #2 defense put up more numbers than sengun vs Deandre ayton what da fack we talking about,analysis,https://www.reddit.com/r/nba/comments/1ubsq8h/alperen_sengun_vs_paolo_banchero_whos_the_better/,
108,Paolo with good coaching staff and a better supporting team will have a much higher ceiling. I’m taking paolo,opinion,https://www.reddit.com/r/nba/comments/1ubsq8h/alperen_sengun_vs_paolo_banchero_whos_the_better/,
109,"Paolo Banchero, he steps it up the playoffs, not just this year but last year too, which despite all his flaws, is something extremely valuable.

I legitimately believe Sengun is one of the single most overrated players in the league. I don’t see why everyone sees value in him. Let’s go through a list: he doesn’t play defense well, he can’t rebound well, he is horrible at setting picks, he can’t shoot anything beyond midrange, he is extremely inefficient for a center, he’s not particularly athletic, it just goes on and on.",analysis,https://www.reddit.com/r/nba/comments/1ubsq8h/alperen_sengun_vs_paolo_banchero_whos_the_better/,
110,"I think in a vacuum Paolo is better. 

When considering ease of roster construction around them, Paolo is better. 

When considering contract and value, Sengun is better. 

As a rockets fan, I'd rather have neither and would prefer the cap space instead lol. ",analysis,https://www.reddit.com/r/nba/comments/1ubsq8h/alperen_sengun_vs_paolo_banchero_whos_the_better/,
111,That’s a great commentator. Who is that. He called that brilliantly. Felt like a fan watching the game and you can hear his heartbreak when Kobe touches the ball,opinion,https://www.reddit.com/r/nba/comments/1ubg0f1/kobe_bryant_puts_up_an_absurd_45_points_on_2026/,
112,"He's cold blooded... whoooo that young man can play basketball !

If you never saw this version of Kobe play you will never understand why players rate him so high.",opinion,https://www.reddit.com/r/nba/comments/1ubg0f1/kobe_bryant_puts_up_an_absurd_45_points_on_2026/,
113,"man, everything really was better back when",reaction,https://www.reddit.com/r/nba/comments/1ubg0f1/kobe_bryant_puts_up_an_absurd_45_points_on_2026/,
114,"Kids these days, they didn’t know what it was like KNOWING Jordan was going to win every year, knowing Shaq and Kobe were going to win every year. It was different. Honestly I feel like it’s better where any team could in theory get to the finals and or win vs 1 team dynasty.",opinion,https://www.reddit.com/r/nba/comments/1ubg0f1/kobe_bryant_puts_up_an_absurd_45_points_on_2026/,
115,I forgot Kobe had hair,reaction,https://www.reddit.com/r/nba/comments/1ubg0f1/kobe_bryant_puts_up_an_absurd_45_points_on_2026/,
116,Peak Mamba 👀💯,reaction,https://www.reddit.com/r/nba/comments/1ubg0f1/kobe_bryant_puts_up_an_absurd_45_points_on_2026/,
117,"AD was a bad man, hope he can get healthy again",reaction,https://www.reddit.com/r/nba/comments/1ubfe1y/anthony_davis_gets_two_bad_calls_in_under_15/,
118,Man I forgot they played together. Fun duo,reaction,https://www.reddit.com/r/nba/comments/1ubfe1y/anthony_davis_gets_two_bad_calls_in_under_15/,
119,Lu Dort has played 432 regular-season games. He has only 2 games with 6+ assists.,analysis,https://www.reddit.com/r/nba/comments/1ubfcqn/lu_dort_has_played_432_regularseason_games_he_has/,
120,Breaking News: 3&D guard who can't handle the ball... doesn't handle the ball!,analysis,https://www.reddit.com/r/nba/comments/1ubfcqn/lu_dort_has_played_432_regularseason_games_he_has/,
121,UTTER DISBELIEF: The least talented offensive player on an absurdly stacked team isn't regularly getting an arbitrary number of assists wwwoooaaahhh,reaction,https://www.reddit.com/r/nba/comments/1ubfcqn/lu_dort_has_played_432_regularseason_games_he_has/,reaction/opinion?
122,"Worry about your own players little bro lol. Why are you posting about a Thunders player, whose primary role is a defensive role with occasional 3s, and comparing the assist numbers? What a weird post lol",analysis,https://www.reddit.com/r/nba/comments/1ubfcqn/lu_dort_has_played_432_regularseason_games_he_has/,
123,What a ballhog.,reaction,https://www.reddit.com/r/nba/comments/1ubfcqn/lu_dort_has_played_432_regularseason_games_he_has/,
124,"Not surprising at all.

If anything, I’m surprised he has 2 games at all with at least 6 assists.",opinion,https://www.reddit.com/r/nba/comments/1ubfcqn/lu_dort_has_played_432_regularseason_games_he_has/,
125,"People are shrugging this off( like I did) but I’m randomly searching random role players and can’t find one lower, even if 6+ is sort of arbitrary. Randomly chose Kyle Korver, he has a ton over 6. Then Robert Horry, same. Went more defensive; tayshaun prince ( a ton, I was not familiar with his game) , Shane battier has 14, Tony Allen has 9, Bowen has 5. Ben Wallace has 10. Dahntay Jones has 3. . Matisse thybull - 3 such games in 377 games . Ausar has 15 in 195. Grant Williams has 7 in 416.

Just completely random searches but it is difficult to find a role player on a decent team playing as many minutes over that many seasons with less such games",analysis,https://www.reddit.com/r/nba/comments/1ubfcqn/lu_dort_has_played_432_regularseason_games_he_has/,
126,Somebody just discovered basketball reference,reaction,https://www.reddit.com/r/nba/comments/1ubfcqn/lu_dort_has_played_432_regularseason_games_he_has/,
127,"Top 10 highest paid players next season
1 Stephen Curry $62,587,158
2 Nikola Jokić $59,033,114
3 Jayson Tatum $58,456,566
4 Anthony Davis $58,456,566
5 Giannis Antetokounmpo $58,456,566
6 Joel Embiid $58,100,000
7 Jaylen Brown $57,078,728
8 Devin Booker $57,078,728
9 Karl-Anthony Towns $57,078,728
10 Jimmy Butler $56,832,773",analysis,https://www.reddit.com/r/nba/comments/1ubel80/top_10_highest_paid_players_next_season/,
128,"Wemby, Harper, and Castle making $35,000,000 combined while 36 year old Jimmy Butler makes $56,000,000 is wild.  No wonder picks are so valuable in today’s NBA.",analysis,https://www.reddit.com/r/nba/comments/1ubel80/top_10_highest_paid_players_next_season/,
129,"7 of the 10 have won an NBA Finals.

2 more have been to, but lost the NBA Finals (to others on the list).

There’s 1 that hasn’t made it out of the 2nd round.",analysis,https://www.reddit.com/r/nba/comments/1ubel80/top_10_highest_paid_players_next_season/,
130,"With the current CBA, have two players in the Top 10 has to make it so hard to build out a full roster. I’m impressed Boston always manages to do it with Tatum/Brown making that much.",analysis,https://www.reddit.com/r/nba/comments/1ubel80/top_10_highest_paid_players_next_season/,
131,Anthony Davis might have the worst contract in the NBA and he's still going to get over $60mill the following year,opinion,https://www.reddit.com/r/nba/comments/1ubel80/top_10_highest_paid_players_next_season/,
132,Damn. Thought I would be in the top ten,reaction,https://www.reddit.com/r/nba/comments/1ubel80/top_10_highest_paid_players_next_season/,
133,Steph deserves 10x for what he did for the Warriors. Gonna be a terribly sad day when he hangs em up.,opinion,https://www.reddit.com/r/nba/comments/1ubel80/top_10_highest_paid_players_next_season/,
134,"Steph is one of the GOATs 100%, but the Warriors have 2 of the top 10 and Jimmy is injured. Idk how they’re gonna afford Lebron.",analysis,https://www.reddit.com/r/nba/comments/1ubel80/top_10_highest_paid_players_next_season/,
135,"Steph, Butler, and Draymond all expiring after next season. That's too much extra money. Podz about to get a max",opinion,https://www.reddit.com/r/nba/comments/1ubel80/top_10_highest_paid_players_next_season/,
136,Anthony Davis is getting paid HOW MUCH???,reaction,https://www.reddit.com/r/nba/comments/1ubel80/top_10_highest_paid_players_next_season/,
137,It’s insane because I remember LeBron getting like 4 years 80 million from the Heat. For the best player of our generation. Now guys are getting almost 3/4 of his salary for one year. That TV money hit gooooood,opinion,https://www.reddit.com/r/nba/comments/1ubel80/top_10_highest_paid_players_next_season/,
138,"I hope they do, but I also don't believe for a second that the Wizards front office is leaking info to the Dallas Hoops Journal.",opinion,https://www.reddit.com/r/nba/comments/1ubco3b/afseth_wizards_plan_to_draft_aj_dybantsa_at_no_1/,
139,"I agree.

We should wait to see what the Dallas Poop Journal has to say",opinion,https://www.reddit.com/r/nba/comments/1ubco3b/afseth_wizards_plan_to_draft_aj_dybantsa_at_no_1/,
140,I know Zach on his recent show said he had an agent tell him “oh it’s Dybansta” but he also is thinking they’re smoke screening it too,analysis,https://www.reddit.com/r/nba/comments/1ubco3b/afseth_wizards_plan_to_draft_aj_dybantsa_at_no_1/,
141,"Yer a Wizard, AJ",reaction,https://www.reddit.com/r/nba/comments/1ubco3b/afseth_wizards_plan_to_draft_aj_dybantsa_at_no_1/,
142,I-im a what?,reaction,https://www.reddit.com/r/nba/comments/1ubco3b/afseth_wizards_plan_to_draft_aj_dybantsa_at_no_1/,
143,"Idk about this guy. Hes reported a few really big stories the past few days that no one else has reported. Seems weird that a random Dallas beat writer would be getting all the biggest scoops in the league, especially when the Mavs aren’t involved in this at all.

Not that I don’t think they’ll pick AJ, I think they probably will. I just don’t think this guy has the inside scoop",analysis,https://www.reddit.com/r/nba/comments/1ubco3b/afseth_wizards_plan_to_draft_aj_dybantsa_at_no_1/,
144,This guy is a literal absolute nobody,opinion,https://www.reddit.com/r/nba/comments/1ubco3b/afseth_wizards_plan_to_draft_aj_dybantsa_at_no_1/,
145,Not believing anything until Adam Silver or Mark Tatum say it. Wouldn't trust Dawkins at this point.,opinion,https://www.reddit.com/r/nba/comments/1ubco3b/afseth_wizards_plan_to_draft_aj_dybantsa_at_no_1/,
146,I PUT THAT BRICK IN YO FACE. NOW WHATCHA GON DO WITH IT,reaction,https://www.reddit.com/r/nba/comments/1ubco3b/afseth_wizards_plan_to_draft_aj_dybantsa_at_no_1/,
147,"[Highlights] All the 142 threes Miles ""Deuce"" McBride scored in the 2025-26 season, including playoffs. 60 games played. He went 142/351 from 3 (40.5%).",analysis,https://www.reddit.com/r/nba/comments/1ub7yo9/highlights_all_the_142_threes_miles_deuce_mcbride/,
148,"He was so ass in the Finals, man. I was begging Mike Brown to take him out as soon as he came in honestly lol",opinion,https://www.reddit.com/r/nba/comments/1ub7yo9/highlights_all_the_142_threes_miles_deuce_mcbride/,
149,I’d rather shamet stay for his defensive presence and 3pt shooting since deuce was as bad as he was vs the Spurs,opinion,https://www.reddit.com/r/nba/comments/1ub7yo9/highlights_all_the_142_threes_miles_deuce_mcbride/,
150,Deuce before the hernia was an excellent point of attack defender and he obviously has range tho. The injury definitely made him lose a step which is why he was pretty unplayable these playoffs.  Hopefully next year he can get back to full health and take another leap,analysis,https://www.reddit.com/r/nba/comments/1ub7yo9/highlights_all_the_142_threes_miles_deuce_mcbride/,
151,Something about his form I don’t like. Can’t quite put my finger on it.,opinion,https://www.reddit.com/r/nba/comments/1ub7yo9/highlights_all_the_142_threes_miles_deuce_mcbride/,
152,"he's a Quarterback gone basketball guard, that's what I think everyone is seeing

once you realize the kid was more of a football player/QB for a lot of his life his build and movements make a lot more sense",analysis,https://www.reddit.com/r/nba/comments/1ub7yo9/highlights_all_the_142_threes_miles_deuce_mcbride/,
153,"What's crazy is that the Admiral was jacked, he wasnt like a Chet/Wemby/Mobley lanky center

Magic Shaq might be the most craziest athlete in the NBA, dude was as fast a bull and could run fast breaks while also being absurdly strong

",analysis,https://www.reddit.com/r/nba/comments/1ub7n2n/shaq_punishes_david_robinson/,
154,Shaq really hated him for some odd reason. I think he even made up some story about how Robinson snubbed him when he was a kid asking for an autograph for his hatred ,analysis,https://www.reddit.com/r/nba/comments/1ub7n2n/shaq_punishes_david_robinson/,
155,Shaq had a beef about Robinson beating him for the 93-94 scoring title by the Spurs feeding him the ball so he could drop 70 on the last day of the season,analysis,https://www.reddit.com/r/nba/comments/1ub7n2n/shaq_punishes_david_robinson/,
156,lol no. Shaq loved David Robinson and had to make up that story to motivate himself since he liked him so much. Look it up. He said it himself in interviews.,analysis,https://www.reddit.com/r/nba/comments/1ub7n2n/shaq_punishes_david_robinson/,
157,"If you watch closely you’ll see Shaq swing his leg around and plant it behind Robinson’s, so Shaq effectively trips Robinson once he puts his body into him. This results in Robinson stumbling backwards, giving Shaq space to move forward and dunk while Robinson recovers. Kind of impressive Robinson was even able to get up for a contest.

If that trip was intentional, that’s an incredibly smart play with very great dexterity in the footwork.",analysis,https://www.reddit.com/r/nba/comments/1ub7n2n/shaq_punishes_david_robinson/,
158,I like that this is the only video of Shaq “punishing” David Robinson lol.,opinion,https://www.reddit.com/r/nba/comments/1ub7n2n/shaq_punishes_david_robinson/,
159,"Daniel Li released a 38 minute video yesterday going over around 20 guys, including all the top guys. It's very concise and to-the-point and offers a good synopsis and overview of all the main guys without overstaying its welcome.",analysis,https://www.reddit.com/r/nba/comments/1ub7jb7/nba_draft_prospects_youtube_video/,
160,I cant imagine what the game threads would have been like for that series,reaction,https://www.reddit.com/r/nba/comments/1ub72ox/20_years_ago_the_miami_heat_won_their_first_title/,
161,One of the worst finals I ever had the displeasure to watch. The sub wouldve HATED watching that Heat team,opinion,https://www.reddit.com/r/nba/comments/1ub72ox/20_years_ago_the_miami_heat_won_their_first_title/,
162,20?!?!,reaction,https://www.reddit.com/r/nba/comments/1ub72ox/20_years_ago_the_miami_heat_won_their_first_title/,
163,Boo,reaction,https://www.reddit.com/r/nba/comments/1ub72ox/20_years_ago_the_miami_heat_won_their_first_title/,
164,That was a badass series. DWade was elite.,opinion,https://www.reddit.com/r/nba/comments/1ub72ox/20_years_ago_the_miami_heat_won_their_first_title/,
165,Great memories. I was in middle school. Feels like yesterday.,reaction,https://www.reddit.com/r/nba/comments/1ub72ox/20_years_ago_the_miami_heat_won_their_first_title/,
166,"D-Wade averaged 35 points per game and made every clutch play to win 4 in a row,I may be biased but this is arguably a top 5 finals mvp performance ever.",analysis,https://www.reddit.com/r/nba/comments/1ub72ox/20_years_ago_the_miami_heat_won_their_first_title/,
167,Man he was on an island out there. ,reaction,https://www.reddit.com/r/nba/comments/1ua3cfs/highlight_the_stop_ten_years_ago_today_kevin_love/,
168,"Nightmare fuel for Kevin Love. On an island with Steph Curry with a title on the line

The man moved his feet like a damn tap dancer and stopped him not once but twice on one play

Vindication against all the Love haters",analysis,https://www.reddit.com/r/nba/comments/1ua3cfs/highlight_the_stop_ten_years_ago_today_kevin_love/,
169,Kevin Love had a known reputation for being a terrible defender too his entire career. Way to move them puppies.,analysis,https://www.reddit.com/r/nba/comments/1ua3cfs/highlight_the_stop_ten_years_ago_today_kevin_love/,
170,Max Kellerman would’ve passed to him,reaction,https://www.reddit.com/r/nba/comments/1ua3cfs/highlight_the_stop_ten_years_ago_today_kevin_love/,
171,Still wish Bron had finished that dunk on Green lol,reaction,https://www.reddit.com/r/nba/comments/1ua3cfs/highlight_the_stop_ten_years_ago_today_kevin_love/,
172,JR smith is chaos dice personified,opinion,https://www.reddit.com/r/nba/comments/1ua3cfs/highlight_the_stop_ten_years_ago_today_kevin_love/,
173,"We also almost had The Dunk

If LeBron yams that over Draymond it’s the most iconic NBA highlight. Ever.",opinion,https://www.reddit.com/r/nba/comments/1ua3cfs/highlight_the_stop_ten_years_ago_today_kevin_love/,
174,Bro the way everyone in my house screamed at the tv as he was mid air about to yam that my fucking lord it would have split the universe,reaction,https://www.reddit.com/r/nba/comments/1ua3cfs/highlight_the_stop_ten_years_ago_today_kevin_love/,
175,"10 years isn’t a long time in the grand scheme of things, but there are definitely some nephews on the internet who can’t fully grasp this moment if they weren’t around for it. Seeing your big stranded on an island with Steph in 2016 was an absolute nightmare scenario, but Love was not only able to keep in front of him, but did so without fouling. Really an incredible, underrated moment.",analysis,https://www.reddit.com/r/nba/comments/1ua3cfs/highlight_the_stop_ten_years_ago_today_kevin_love/,
176,"I talk about this play all the time.

Watching it live all i could think was Kevin love’s soul achieved transcendence and was in the zone for a minute.",opinion,https://www.reddit.com/r/nba/comments/1ua3cfs/highlight_the_stop_ten_years_ago_today_kevin_love/,
177,Same. Never been more nervous in my entire life. Hahaha,reaction,https://www.reddit.com/r/nba/comments/1ua3cfs/highlight_the_stop_ten_years_ago_today_kevin_love/,
178,"When the NBA was formed via merger in 1949, eight of nine NBL teams entered the new NBA. The ninth, the all-Black, Black-owned Dayton Rens, was excluded. After inheriting the NBL’s worst record midseason, the Rens had a playoff-caliber mark, but the NBA cited the inherited record to disqualify them",analysis,https://www.reddit.com/r/nba/comments/1ub578n/when_the_nba_was_formed_via_merger_in_1949_eight/,
179,"An estimated 1/5 of Daytonians at that time were a part of the KKK.

Damn",analysis,https://www.reddit.com/r/nba/comments/1ub578n/when_the_nba_was_formed_via_merger_in_1949_eight/,
180,"Woah, im from here and didnt even knwo",reaction,https://www.reddit.com/r/nba/comments/1ub578n/when_the_nba_was_formed_via_merger_in_1949_eight/,
181,"Not sure if it's mentioned but Rens stared as the Harlem Renaissance and just moved to Dayton in '48

Team they took over for (with the crummy record) was the Detroit Vagabond Kings! (Pistons were still in Fort Wayne Indiana)",analysis,https://www.reddit.com/r/nba/comments/1ub578n/when_the_nba_was_formed_via_merger_in_1949_eight/,
182,I think 1/5ths of Dayton are still kkk,opinion,https://www.reddit.com/r/nba/comments/1ub578n/when_the_nba_was_formed_via_merger_in_1949_eight/,
183,America bleeds racism.,reaction,https://www.reddit.com/r/nba/comments/1ub578n/when_the_nba_was_formed_via_merger_in_1949_eight/,
184,"The team was excluded because of black ownership plain and simple.

",opinion,https://www.reddit.com/r/nba/comments/1ub578n/when_the_nba_was_formed_via_merger_in_1949_eight/,
185,Sounds like the Michigan Tropics,reaction,https://www.reddit.com/r/nba/comments/1ub578n/when_the_nba_was_formed_via_merger_in_1949_eight/,
186,"While Ohio is definitely way more red than it used to be, I don't think its that extreme. There was a ""rally"" in Dayton back in 2023. 9 people showed up with over 600 counter-protestors showing up at the same time.",analysis,https://www.reddit.com/r/nba/comments/1ub578n/when_the_nba_was_formed_via_merger_in_1949_eight/,
187,The 2026 nuggets couldn’t even beat  an insanely injured Timberwolves team. They got cooked by Ayo dosumnu,analysis,https://www.reddit.com/r/nba/comments/1uc83mo/the_2026_nuggets_would_beat_the_healthy_2026/,
188,how could MPJ do this,reaction,https://www.reddit.com/r/nba/comments/1uc83mo/the_2026_nuggets_would_beat_the_healthy_2026/,
189,The nuggets were never going to win a series where Jaden McDaniels outplayed Jokic in multiple games,opinion,https://www.reddit.com/r/nba/comments/1uc83mo/the_2026_nuggets_would_beat_the_healthy_2026/,
190,Hypothetical Nuggets have won it all once again,reaction,https://www.reddit.com/r/nba/comments/1uc83mo/the_2026_nuggets_would_beat_the_healthy_2026/,
191,Nuggets fans punching the air all offseason,reaction,https://www.reddit.com/r/nba/comments/1uc83mo/the_2026_nuggets_would_beat_the_healthy_2026/,
192,lol ,reaction,https://www.reddit.com/r/nba/comments/1uc83mo/the_2026_nuggets_would_beat_the_healthy_2026/,
193,They’re all bad defenders. Nuggets are all bad defenders,opinion,https://www.reddit.com/r/nba/comments/1uc83mo/the_2026_nuggets_would_beat_the_healthy_2026/,
194,Murray always struggles against Jaden. And Gordon can’t guard Ant at all.,analysis,https://www.reddit.com/r/nba/comments/1uc83mo/the_2026_nuggets_would_beat_the_healthy_2026/,
195,Let me answer your question. No,reaction,https://www.reddit.com/r/nba/comments/1uc83mo/the_2026_nuggets_would_beat_the_healthy_2026/,
196,Get real son. Wolves were way more injured and won. This post doesn’t make sense. Ant was at 50%,analysis,https://www.reddit.com/r/nba/comments/1uc83mo/the_2026_nuggets_would_beat_the_healthy_2026/,
197,Ant was playing with no knees!,reaction,https://www.reddit.com/r/nba/comments/1uc83mo/the_2026_nuggets_would_beat_the_healthy_2026/,
198,If my grandma had wheels she'd be a bike,reaction,https://www.reddit.com/r/nba/comments/1uc83mo/the_2026_nuggets_would_beat_the_healthy_2026/,
199,2026 Nuggets would have beat 2026 Timberwolves if they would just score more points.,opinion,https://www.reddit.com/r/nba/comments/1uc83mo/the_2026_nuggets_would_beat_the_healthy_2026/,
200,"I mean there’s definitely all-NBA players he is thought to be better than.

2026 - Duren, Jalen Johnson, Chet 2024 - Sabonis 2023 - Randle, Sabonis

Feel like it’s pretty surprising he hasn’t made one. Been to two finals as second best player",analysis,https://www.reddit.com/r/nba/comments/1uabhfd/bam_adebayo_has_never_made_an_allnba_team/,